{"name":"ce8baabf-acef-4500-87b7-171bae57748b","id":"/providers/Microsoft.Flow/flows/ce8baabf-acef-4500-87b7-171bae57748b","type":"Microsoft.Flow/flows","properties":{"apiId":"/providers/Microsoft.PowerApps/apis/shared_logicflows","displayName":"FLX_Analyse_Donnees_CSV","definition":{"metadata":{"workflowEntityId":null,"processAdvisorMetadata":null,"flowChargedByPaygo":null,"flowclientsuspensionreason":"None","flowclientsuspensiontime":null,"flowclientsuspensionreasondetails":null,"creator":{"id":"397abba4-94e5-4097-b90b-f2f548ae5c24","type":"User","tenantId":"c371d4f5-b34f-4b06-9e66-517fed904220"},"provisioningMethod":"FromDefinition","failureAlertSubscription":true,"clientLastModifiedTime":"2025-02-11T15:54:40.903055Z","connectionKeySavedTimeKey":"2025-02-11T15:54:40.903055Z"},"$schema":"https://schema.management.azure.com/providers/Microsoft.Logic/schemas/2016-06-01/workflowdefinition.json#","contentVersion":"1.0.0.0","parameters":{"$authentication":{"defaultValue":{},"type":"SecureObject"},"$connections":{"defaultValue":{},"type":"Object"}},"triggers":{"Lorsqu’un_fichier_est_créé":{"recurrence":{"frequency":"Minute","interval":1},"metadata":{"6e202211-2856-4d17-9ded-5beb8b8626b0":"/","b!hzVYUrPCtUCkEEzsdG2aYqtAkmFwNsFGs8GdKaL5XRDKlfhBLgdhQatIwKyZ_oAd.01Z4G6GDRGEU3MKFLOLVDJAXLMKAAF2TV4":"/DataWatch"},"type":"OpenApiConnection","inputs":{"parameters":{"folderId":"b!hzVYUrPCtUCkEEzsdG2aYqtAkmFwNsFGs8GdKaL5XRDKlfhBLgdhQatIwKyZ_oAd.01Z4G6GDRGEU3MKFLOLVDJAXLMKAAF2TV4"},"host":{"apiId":"/providers/Microsoft.PowerApps/apis/shared_onedriveforbusiness","connectionName":"shared_onedriveforbusiness","operationId":"OnNewFileV2"},"authentication":"@parameters('$authentication')"},"conditions":[]}},"actions":{"Obtenir_le_contenu_du_fichier":{"runAfter":{"Condition":["Succeeded"]},"type":"OpenApiConnection","inputs":{"parameters":{"id":"@triggerOutputs()?['headers/x-ms-file-id']","inferContentType":true},"host":{"apiId":"/providers/Microsoft.PowerApps/apis/shared_onedriveforbusiness","connectionName":"shared_onedriveforbusiness","operationId":"GetFileContent"},"authentication":"@parameters('$authentication')"}},"splitNewLine":{"runAfter":{"Obtenir_le_contenu_du_fichier":["Succeeded"]},"type":"Compose","inputs":"@split(outputs('Obtenir_le_contenu_du_fichier')?['body'], decodeUriComponent('%0D%0A'))\n"},"Condition":{"actions":{"Terminer":{"type":"Terminate","inputs":{"runStatus":"Succeeded"}}},"runAfter":{"Initialiser_anomalies":["Succeeded"]},"else":{"actions":{}},"expression":{"and":[{"not":{"contains":["@triggerOutputs()?['headers/Content-Type']","csv"]}}]},"type":"If"},"Appliquer_à_chacun":{"foreach":"@skip(outputs('splitNewLine'),2)","actions":{"splitByComma":{"type":"Compose","inputs":"@split(item(), ',')"},"VERIFICATION_LIGNE_NON_VIDE":{"actions":{"VERIFICATION_PRIX":{"actions":{"Ajouter_à_la_variable_de_tableau":{"type":"AppendToArrayVariable","inputs":{"name":"anomalies","value":{"id":"@variables('id')","produit":"@{variables('nomProduit')}","anomalie":"Prix invalide"}}},"Définir_une_variable":{"runAfter":{"Ajouter_à_la_variable_de_tableau":["Succeeded"]},"type":"SetVariable","inputs":{"name":"bool_anomalie","value":true}}},"runAfter":{"noteClient":["Succeeded"]},"else":{"actions":{}},"expression":{"or":[{"greater":["@variables('prix')",500]},{"less":["@variables('prix')",0]}]},"type":"If"},"id":{"type":"SetVariable","inputs":{"name":"id","value":"@int(outputs('splitByComma')[0])"}},"nomProduit":{"runAfter":{"id":["Succeeded"]},"type":"SetVariable","inputs":{"name":"nomProduit","value":"@outputs('splitByComma')[1]"}},"prix":{"runAfter":{"nomProduit":["Succeeded"]},"type":"SetVariable","inputs":{"name":"prix","value":"@float(outputs('splitByComma')[2])"}},"quantite":{"runAfter":{"prix":["Succeeded"]},"type":"SetVariable","inputs":{"name":"quantite","value":"@int(outputs('splitByComma')[3])"}},"noteClient":{"runAfter":{"quantite":["Succeeded"]},"type":"SetVariable","inputs":{"name":"noteClient","value":"@float(outputs('splitByComma')[4])"}},"VERIFICATION_QUANTITE":{"actions":{"Ajouter_à_la_variable_de_tableau_1":{"type":"AppendToArrayVariable","inputs":{"name":"anomalies","value":{"id":"@variables('id')","produit":"@{variables('nomProduit')}","anomalie":"Quantité invalide"}}},"Définir_une_variable-copy":{"runAfter":{"Ajouter_à_la_variable_de_tableau_1":["Succeeded"]},"type":"SetVariable","inputs":{"name":"bool_anomalie","value":true}}},"runAfter":{"VERIFICATION_PRIX":["Succeeded"]},"else":{"actions":{}},"expression":{"or":[{"greater":["@variables('quantite')",1000]},{"lessOrEquals":["@variables('quantite')",0]}]},"type":"If"},"VERIFICATION_NOTE_CLIENT":{"actions":{"Ajouter_à_la_variable_de_tableau_2":{"type":"AppendToArrayVariable","inputs":{"name":"anomalies","value":{"id":"@variables('id')","produit":"@{variables('nomProduit')}","anomalie":"Note client invalide"}}},"Définir_une_variable-copy_1":{"runAfter":{"Ajouter_à_la_variable_de_tableau_2":["Succeeded"]},"type":"SetVariable","inputs":{"name":"bool_anomalie","value":true}}},"runAfter":{"VERIFICATION_QUANTITE":["Succeeded"]},"else":{"actions":{}},"expression":{"or":[{"greater":["@variables('noteClient')",5]},{"less":["@variables('noteClient')",1]}]},"type":"If"},"Incrémenter_une_variable":{"runAfter":{"VERIFICATION_NOTE_CLIENT":["Succeeded"]},"type":"IncrementVariable","inputs":{"name":"totalPrix","value":"@variables('prix')"}},"Incrémenter_une_variable2":{"runAfter":{"Incrémenter_une_variable":["Succeeded"]},"type":"IncrementVariable","inputs":{"name":"totalQuantite","value":"@variables('quantite')"}},"Incrémenter_une_variable3":{"runAfter":{"Incrémenter_une_variable2":["Succeeded"]},"type":"IncrementVariable","inputs":{"name":"totalNotes","value":"@variables('noteClient')"}},"Incrémenter_une_variable4":{"runAfter":{"Incrémenter_une_variable3":["Succeeded"]},"type":"IncrementVariable","inputs":{"name":"compteurLignes","value":1}},"Ajouter_à_la_variable_de_tableau_":{"runAfter":{"Incrémenter_une_variable4":["Succeeded"]},"type":"AppendToArrayVariable","inputs":{"name":"prixData","value":"@variables('prix')"}},"Ajouter_à_la_variable_de_tableau2":{"runAfter":{"Ajouter_à_la_variable_de_tableau_":["Succeeded"]},"type":"AppendToArrayVariable","inputs":{"name":"QuantiteData","value":"@variables('quantite')"}},"Ajouter_à_la_variable_de_tableau3":{"runAfter":{"Ajouter_à_la_variable_de_tableau2":["Succeeded"]},"type":"AppendToArrayVariable","inputs":{"name":"noteClientData","value":"@variables('noteClient')"}}},"runAfter":{"splitByComma":["Succeeded"]},"else":{"actions":{}},"expression":{"and":[{"not":{"equals":["@outputs('splitByComma')[0]",""]}}]},"type":"If"}},"runAfter":{"Initialiser_noteClient":["Succeeded"]},"type":"Foreach"},"Initialiser_totalPrix":{"runAfter":{"Initialiser_noteClientData":["Succeeded"]},"type":"InitializeVariable","inputs":{"variables":[{"name":"totalPrix","type":"float","value":0}]}},"Initialiser_totalQuantite":{"runAfter":{"Initialiser_totalPrix":["Succeeded"]},"type":"InitializeVariable","inputs":{"variables":[{"name":"totalQuantite","type":"integer","value":0}]}},"Initialiser_totalNotes":{"runAfter":{"Initialiser_totalQuantite":["Succeeded"]},"type":"InitializeVariable","inputs":{"variables":[{"name":"totalNotes","type":"float","value":0}]}},"Initialiser_compteurLignes":{"runAfter":{"Initialiser_totalNotes":["Succeeded"]},"type":"InitializeVariable","inputs":{"variables":[{"name":"compteurLignes","type":"integer"}]}},"Initialiser_anomalies":{"runAfter":{"Initialiser_compteurLignes":["Succeeded"]},"type":"InitializeVariable","inputs":{"variables":[{"name":"anomalies","type":"array"}]}},"Initialiser_id":{"runAfter":{"splitNewLine":["Succeeded"]},"type":"InitializeVariable","inputs":{"variables":[{"name":"id","type":"integer"}]}},"Initialiser_nomProduit":{"runAfter":{"Initialiser_id":["Succeeded"]},"type":"InitializeVariable","inputs":{"variables":[{"name":"nomProduit","type":"string"}]}},"Initialiser_prix":{"runAfter":{"Initialiser_nomProduit":["Succeeded"]},"type":"InitializeVariable","inputs":{"variables":[{"name":"prix","type":"float"}]}},"Initialiser_quantite":{"runAfter":{"Initialiser_prix":["Succeeded"]},"type":"InitializeVariable","inputs":{"variables":[{"name":"quantite","type":"integer"}]}},"Initialiser_noteClient":{"runAfter":{"Initialiser_quantite":["Succeeded"]},"type":"InitializeVariable","inputs":{"variables":[{"name":"noteClient","type":"float"}]}},"Rapport_anomalies":{"runAfter":{"Rapport_ANALYSE_txt":["Succeeded"]},"type":"Compose","inputs":"@variables('anomalies')"},"moyenne_quantite":{"runAfter":{"moyenne_prix":["Succeeded"]},"type":"Compose","inputs":"@div(variables('totalQuantite'), variables('compteurLignes'))"},"moyenne_notes":{"runAfter":{"moyenne_quantite":["Succeeded"]},"type":"Compose","inputs":"@div(variables('totalNotes'), variables('compteurLignes'))"},"VERIFICATION_MEDIANE":{"actions":{"médiane_des_prix_pair":{"type":"Compose","inputs":"@div(add(variables('prixData')[sub(div(variables('compteurLignes'), 2), 1)], variables('prixData')[div(variables('compteurLignes'), 2)]), 2)"},"médiane_des_quantite_pair":{"runAfter":{"médiane_des_prix_pair":["Succeeded"]},"type":"Compose","inputs":"@div(add(variables('QuantiteData')[sub(div(variables('compteurLignes'), 2), 1)], variables('QuantiteData')[div(variables('compteurLignes'), 2)]), 2)"},"médiane_des_noteClient_pair":{"runAfter":{"médiane_des_quantite_pair":["Succeeded"]},"type":"Compose","inputs":"@div(add(variables('noteClientData')[sub(div(variables('compteurLignes'), 2), 1)], variables('noteClientData')[div(variables('compteurLignes'), 2)]), 2)"},"Définir_médiane_pair":{"runAfter":{"médiane_des_noteClient_pair":["Succeeded"]},"type":"SetVariable","inputs":{"name":"Médiane","value":"Médiane des prix : @{outputs('médiane_des_prix_pair')}, Médiane des quantités : @{outputs('médiane_des_quantite_pair')}, Médiane des notes : @{outputs('médiane_des_noteClient_pair')}"}}},"runAfter":{"Appliquer_à_chacun":["Succeeded"]},"else":{"actions":{"médiane_des_prix_impair":{"type":"Compose","inputs":"@variables('prixData')[div(variables('compteurLignes'), 2)]"},"médiane_des_quantite_impair":{"runAfter":{"médiane_des_prix_impair":["Succeeded"]},"type":"Compose","inputs":"@variables('QuantiteData')[div(variables('compteurLignes'), 2)]"},"médiane_des_noteClient_impair":{"runAfter":{"médiane_des_quantite_impair":["Succeeded"]},"type":"Compose","inputs":"@variables('noteClientData')[div(variables('compteurLignes'), 2)]"},"Définir_médiane_impair":{"runAfter":{"médiane_des_noteClient_impair":["Succeeded"]},"type":"SetVariable","inputs":{"name":"Médiane","value":"Médiane des prix : @{outputs('médiane_des_prix_impair')}, Médiane des quantités : @{outputs('médiane_des_quantite_impair')}, Médiane des notes : @{outputs('médiane_des_noteClient_impair')}"}}}},"expression":{"and":[{"equals":["@mod(variables('compteurLignes'), 2)",0]}]},"type":"If"},"Initialiser_prixData":{"runAfter":{"Initialiser_Médiane":["Succeeded"]},"type":"InitializeVariable","inputs":{"variables":[{"name":"prixData","type":"array"}]}},"Initialiser_QuantiteData":{"runAfter":{"Initialiser_prixData":["Succeeded"]},"type":"InitializeVariable","inputs":{"variables":[{"name":"QuantiteData","type":"array"}]}},"Initialiser_noteClientData":{"runAfter":{"Initialiser_QuantiteData":["Succeeded"]},"type":"InitializeVariable","inputs":{"variables":[{"name":"noteClientData","type":"array"}]}},"Initialiser_Médiane":{"runAfter":{"Initialiser_la_variable_bool_anomalie":["Succeeded"]},"type":"InitializeVariable","inputs":{"variables":[{"name":"Médiane","type":"string"}]}},"Message_mediane":{"runAfter":{"VERIFICATION_MEDIANE":["Succeeded"]},"type":"Compose","inputs":"@variables('Médiane')"},"variance_type_prix":{"runAfter":{"moyenne_notes":["Succeeded"]},"type":"Compose","inputs":"@    div(\r\n        sub(\r\n            mul(variables('totalprix'), variables('totalprix')),\r\n           div(mul(variables('totalprix'), variables('totalprix')), variables('compteurLignes'))\r\n        ),\r\n        variables('compteurLignes')\r\n    )"},"moyenne_prix":{"runAfter":{"Message_mediane":["Succeeded"]},"type":"Compose","inputs":"@div(variables('totalPrix'), variables('compteurLignes'))"},"HTTP_ecart_type_prix":{"runAfter":{"variance_type_prix":["Succeeded"]},"type":"Http","inputs":{"uri":"https://api.apptigent.com/powertools-community/StandardDeviation","method":"POST","headers":{"X-Apptigent-Id":"acce6d217f08487d866eafb65d43390f"},"body":{"input":"@variables('prixData')","decimals":2}},"runtimeConfiguration":{"contentTransfer":{"transferMode":"Chunked"}}},"HTTP_ecart_type_quantite":{"runAfter":{"HTTP_ecart_type_prix":["Succeeded"]},"type":"Http","inputs":{"uri":"https://api.apptigent.com/powertools-community/StandardDeviation","method":"POST","headers":{"X-Apptigent-Id":"acce6d217f08487d866eafb65d43390f"},"body":{"input":"@variables('QuantiteData')","decimals":2}},"runtimeConfiguration":{"contentTransfer":{"transferMode":"Chunked"}}},"HTTP_ecart_type_note":{"runAfter":{"HTTP_ecart_type_quantite":["Succeeded"]},"type":"Http","inputs":{"uri":"https://api.apptigent.com/powertools-community/StandardDeviation","method":"POST","headers":{"X-Apptigent-Id":"acce6d217f08487d866eafb65d43390f"},"body":{"input":"@variables('noteClientData')","decimals":2}},"runtimeConfiguration":{"contentTransfer":{"transferMode":"Chunked"}}},"ecart_type_prix_quantite_note":{"runAfter":{"HTTP_ecart_type_note":["Succeeded"]},"type":"Compose","inputs":"Écart-type des prix : @{body('HTTP_ecart_type_prix')?['result']} -  Écart-type des quantités : @{body('HTTP_ecart_type_quantite')?['result']} -  Écart-type des notes : @{body('HTTP_ecart_type_note')?['result']}"},"moyennes_prix_quantite_notes":{"runAfter":{"ecart_type_prix_quantite_note":["Succeeded"]},"type":"Compose","inputs":"Moyenne des prix : @{outputs('moyenne_prix')} -  Moyenne des quantités : @{outputs('moyenne_quantite')} -  Moyenne des notes : @{outputs('moyenne_notes')}"},"Rapport_ANALYSE":{"runAfter":{"moyennes_prix_quantite_notes":["Succeeded"]},"type":"Compose","inputs":"Moyennes :<br />\n@{outputs('moyennes_prix_quantite_notes')}<br />\nÉcart-types :<br />\n@{outputs('ecart_type_prix_quantite_note')}<br />\nMédianes :<br />\n@{variables('Médiane')}<br />"},"VERIFICATION_ANOMALIE":{"actions":{"Envoyer_un_e-mail_(V2)":{"type":"OpenApiConnection","inputs":{"parameters":{"emailMessage/To":"@replace(outputs('mail'), '\"', '')","emailMessage/Subject":"@{replace(triggerOutputs()?['headers/x-ms-file-name'], '.csv', '')} - Résultats de l’analyse de votre fichier CSV – Anomalies détectées","emailMessage/Body":"<p class=\"editor-paragraph\">Bonjour,<br><br>L’analyse de votre fichier CSV est terminée. Des anomalies ont été détectées.<br><br>Vous trouverez en pièce jointe le rapport détaillant ces anomalies. Vous pouvez également y accéder directement depuis l’interface web (ticket : @{replace(triggerOutputs()?['headers/x-ms-file-name'], '.csv', '')}).<br><br>Résumé de l’analyse :</p><p class=\"editor-paragraph\">@{outputs('Rapport_ANALYSE')}</p><br><p class=\"editor-paragraph\">Nous vous invitons à consulter le rapport pour plus de détails.<br><br>Cordialement,<br>L’équipe DataWatch</p>","emailMessage/Attachments":[{"Name":"rapport_anomalies.json","ContentBytes":"@outputs('Rapport_anomalies')"}],"emailMessage/Importance":"Normal"},"host":{"apiId":"/providers/Microsoft.PowerApps/apis/shared_outlook","connectionName":"shared_outlook","operationId":"SendEmailV2"},"authentication":"@parameters('$authentication')"}},"Créer_un_fichier_anomalie":{"runAfter":{"Envoyer_un_e-mail_(V2)":["Succeeded"]},"type":"OpenApiConnection","inputs":{"parameters":{"folderPath":"/DataWatch","name":"@{replace(triggerOutputs()?['headers/x-ms-file-name'], '.csv', '')}_anomalie.json","body":"@outputs('Rapport_anomalies')"},"host":{"apiId":"/providers/Microsoft.PowerApps/apis/shared_onedriveforbusiness","connectionName":"shared_onedriveforbusiness","operationId":"CreateFile"},"authentication":"@parameters('$authentication')"},"runtimeConfiguration":{"contentTransfer":{"transferMode":"Chunked"}}}},"runAfter":{"mail":["Succeeded"]},"else":{"actions":{"Envoyer_un_e-mail_(V2)_aucune_anomalies":{"type":"OpenApiConnection","inputs":{"parameters":{"emailMessage/To":"@replace(outputs('mail'), '\"', '')","emailMessage/Subject":"@{replace(triggerOutputs()?['headers/x-ms-file-name'], '.csv', '')} - Résultats de l’analyse de votre fichier CSV – Aucune anomalie détectée","emailMessage/Body":"<p class=\"editor-paragraph\">Bonjour,<br><br>L’analyse de votre fichier CSV est terminée. Aucune anomalie n’a été détectée.<br><br>Vous pouvez consulter les résultats directement depuis l’interface web (ticket : @{replace(triggerOutputs()?['headers/x-ms-file-name'], '.csv', '')}).<br><br>Résumé de l’analyse :</p><p class=\"editor-paragraph\">@{outputs('Rapport_ANALYSE')}<br><br>Cordialement,<br>L’équipe DataWatch</p>","emailMessage/Importance":"Normal"},"host":{"apiId":"/providers/Microsoft.PowerApps/apis/shared_outlook","connectionName":"shared_outlook","operationId":"SendEmailV2"},"authentication":"@parameters('$authentication')"}}}},"expression":{"and":[{"equals":["@variables('bool_anomalie')",true]}]},"type":"If"},"Initialiser_la_variable_bool_anomalie":{"runAfter":{},"type":"InitializeVariable","inputs":{"variables":[{"name":"bool_anomalie","type":"boolean","value":false}]}},"Obtenir_le_contenu_du_fichier_à_l'aide_du_chemin_d'accès":{"runAfter":{"Rapport_anomalies":["Succeeded"]},"type":"OpenApiConnection","inputs":{"parameters":{"path":"/DataWatch/@{replace(triggerOutputs()?['headers/x-ms-file-name'], '.csv', '')}.txt\n","inferContentType":true},"host":{"apiId":"/providers/Microsoft.PowerApps/apis/shared_onedriveforbusiness","connectionName":"shared_onedriveforbusiness","operationId":"GetFileContentByPath"},"authentication":"@parameters('$authentication')"}},"mail":{"runAfter":{"Créer_un_fichier_analyse":["Succeeded"]},"type":"Compose","inputs":"@body('Obtenir_le_contenu_du_fichier_à_l''aide_du_chemin_d''accès')"},"Créer_un_fichier_analyse":{"runAfter":{"Obtenir_le_contenu_du_fichier_à_l'aide_du_chemin_d'accès":["Succeeded"]},"type":"OpenApiConnection","inputs":{"parameters":{"folderPath":"/DataWatch","name":"@{replace(triggerOutputs()?['headers/x-ms-file-name'], '.csv', '')}_analyse.txt","body":"@outputs('Rapport_ANALYSE_txt')"},"host":{"apiId":"/providers/Microsoft.PowerApps/apis/shared_onedriveforbusiness","connectionName":"shared_onedriveforbusiness","operationId":"CreateFile"},"authentication":"@parameters('$authentication')"},"runtimeConfiguration":{"contentTransfer":{"transferMode":"Chunked"}}},"Supprimer_le_fichier_csv":{"runAfter":{"VERIFICATION_ANOMALIE":["Succeeded"]},"type":"OpenApiConnection","inputs":{"parameters":{"id":"@triggerOutputs()?['headers/x-ms-file-id']"},"host":{"apiId":"/providers/Microsoft.PowerApps/apis/shared_onedriveforbusiness","connectionName":"shared_onedriveforbusiness","operationId":"DeleteFile"},"authentication":"@parameters('$authentication')"}},"Obtenir_les_métadonnées_du_fichier_à_l'aide_du_chemin_d'accès":{"runAfter":{"Supprimer_le_fichier_csv":["Succeeded"]},"type":"OpenApiConnection","inputs":{"parameters":{"path":"/DataWatch/@{replace(triggerOutputs()?['headers/x-ms-file-name'], '.csv', '')}.txt\n"},"host":{"apiId":"/providers/Microsoft.PowerApps/apis/shared_onedriveforbusiness","connectionName":"shared_onedriveforbusiness","operationId":"GetFileMetadataByPath"},"authentication":"@parameters('$authentication')"}},"Supprimer_le_fichier_txt":{"runAfter":{"Obtenir_les_métadonnées_du_fichier_à_l'aide_du_chemin_d'accès":["Succeeded"]},"type":"OpenApiConnection","inputs":{"parameters":{"id":"@outputs('Obtenir_les_métadonnées_du_fichier_à_l''aide_du_chemin_d''accès')?['body/Id']"},"host":{"apiId":"/providers/Microsoft.PowerApps/apis/shared_onedriveforbusiness","connectionName":"shared_onedriveforbusiness","operationId":"DeleteFile"},"authentication":"@parameters('$authentication')"}},"Rapport_ANALYSE_txt":{"runAfter":{"Rapport_ANALYSE":["Succeeded"]},"type":"Compose","inputs":"Moyennes :\n@{outputs('moyennes_prix_quantite_notes')}\nÉcart-types :\n@{outputs('ecart_type_prix_quantite_note')}\nMédianes :\n@{variables('Médiane')}"}},"outputs":{}},"connectionReferences":{"shared_onedriveforbusiness":{"connectionName":"shared-onedriveforbu-fb76211a-dd6a-4b75-bba4-eb2d85cb428c","source":"Embedded","id":"/providers/Microsoft.PowerApps/apis/shared_onedriveforbusiness","tier":"NotSpecified","apiName":"onedriveforbusiness"},"shared_outlook":{"connectionName":"shared-outlook-6271a778-1bba-4966-acd6-fc542716ceee","source":"Embedded","id":"/providers/Microsoft.PowerApps/apis/shared_outlook","tier":"NotSpecified","apiName":"outlook"}},"flowFailureAlertSubscribed":false,"isManaged":false}}