{"name":"2db54fac-7ee2-412b-9c54-9a4f4003a094","id":"/providers/Microsoft.Flow/flows/2db54fac-7ee2-412b-9c54-9a4f4003a094","type":"Microsoft.Flow/flows","properties":{"apiId":"/providers/Microsoft.PowerApps/apis/shared_logicflows","displayName":"get analyses","definition":{"metadata":{"workflowEntityId":null,"processAdvisorMetadata":null,"flowChargedByPaygo":null,"flowclientsuspensionreason":"None","flowclientsuspensiontime":null,"flowclientsuspensionreasondetails":null,"creator":{"id":"397abba4-94e5-4097-b90b-f2f548ae5c24","type":"User","tenantId":"c371d4f5-b34f-4b06-9e66-517fed904220"},"provisioningMethod":"FromDefinition","failureAlertSubscription":true,"clientLastModifiedTime":"2025-02-11T14:42:31.8909463Z","connectionKeySavedTimeKey":"2025-02-11T14:42:31.8909463Z"},"$schema":"https://schema.management.azure.com/providers/Microsoft.Logic/schemas/2016-06-01/workflowdefinition.json#","contentVersion":"undefined","parameters":{"$authentication":{"defaultValue":{},"type":"SecureObject"},"$connections":{"defaultValue":{},"type":"Object"}},"triggers":{"manual":{"metadata":{},"type":"Request","kind":"Http","inputs":{"schema":{"ticket":"string"},"triggerAuthenticationType":"All"}}},"actions":{"Réponse":{"runAfter":{"Obtenir_le_contenu_du_fichier_à_l'aide_du_chemin_d'accès_analyses":["Succeeded"]},"type":"Response","kind":"Http","inputs":{"statusCode":200,"body":"@body('Obtenir_le_contenu_du_fichier_à_l''aide_du_chemin_d''accès_analyses')"}},"Obtenir_le_contenu_du_fichier_à_l'aide_du_chemin_d'accès_analyses":{"runAfter":{},"type":"OpenApiConnection","inputs":{"parameters":{"path":"/DataWatch/@{triggerBody()['ticket']}_analyse.txt","inferContentType":true},"host":{"apiId":"/providers/Microsoft.PowerApps/apis/shared_onedriveforbusiness","connectionName":"shared_onedriveforbusiness","operationId":"GetFileContentByPath"},"authentication":"@parameters('$authentication')"}}}},"connectionReferences":{"shared_onedriveforbusiness":{"connectionName":"shared-onedriveforbu-fb76211a-dd6a-4b75-bba4-eb2d85cb428c","source":"Embedded","id":"/providers/Microsoft.PowerApps/apis/shared_onedriveforbusiness","tier":"NotSpecified","apiName":"onedriveforbusiness"}},"flowFailureAlertSubscribed":false,"isManaged":false}}