{"name":"72c7a3cb-b8e6-4fe8-99ec-9630d135230b","id":"/providers/Microsoft.Flow/flows/72c7a3cb-b8e6-4fe8-99ec-9630d135230b","type":"Microsoft.Flow/flows","properties":{"apiId":"/providers/Microsoft.PowerApps/apis/shared_logicflows","displayName":"Upload CSV to OneDrive","definition":{"metadata":{"workflowEntityId":null,"processAdvisorMetadata":null,"flowChargedByPaygo":null,"flowclientsuspensionreason":"None","flowclientsuspensiontime":null,"flowclientsuspensionreasondetails":null,"creator":{"id":"397abba4-94e5-4097-b90b-f2f548ae5c24","type":"User","tenantId":"c371d4f5-b34f-4b06-9e66-517fed904220"},"provisioningMethod":"FromDefinition","failureAlertSubscription":true,"clientLastModifiedTime":"2025-02-11T14:17:08.6647453Z","connectionKeySavedTimeKey":"2025-02-11T14:17:08.6647453Z"},"$schema":"https://schema.management.azure.com/providers/Microsoft.Logic/schemas/2016-06-01/workflowdefinition.json#","contentVersion":"undefined","parameters":{"$authentication":{"defaultValue":{},"type":"SecureObject"},"$connections":{"defaultValue":{},"type":"Object"}},"triggers":{"manual":{"metadata":{},"type":"Request","kind":"Http","inputs":{"schema":{"ticket":"string","file":"string","email":"string"},"triggerAuthenticationType":"All"}}},"actions":{"Créer_un_fichier_csv":{"runAfter":{},"type":"OpenApiConnection","inputs":{"parameters":{"folderPath":"/DataWatch","name":"@{triggerBody()['ticket']}.csv","body":"@base64ToBinary(triggerBody()?['file'])"},"host":{"apiId":"/providers/Microsoft.PowerApps/apis/shared_onedriveforbusiness","connectionName":"shared_onedriveforbusiness","operationId":"CreateFile"},"authentication":"@parameters('$authentication')"},"runtimeConfiguration":{"contentTransfer":{"transferMode":"Chunked"}}},"Créer_un_fichier_txt":{"runAfter":{"Créer_un_fichier_csv":["Succeeded"]},"type":"OpenApiConnection","inputs":{"parameters":{"folderPath":"/DataWatch","name":"@{triggerBody()['ticket']}.txt","body":"@triggerBody()['email']"},"host":{"apiId":"/providers/Microsoft.PowerApps/apis/shared_onedriveforbusiness","connectionName":"shared_onedriveforbusiness","operationId":"CreateFile"},"authentication":"@parameters('$authentication')"},"runtimeConfiguration":{"contentTransfer":{"transferMode":"Chunked"}}}}},"connectionReferences":{"shared_onedriveforbusiness":{"connectionName":"shared-onedriveforbu-fb76211a-dd6a-4b75-bba4-eb2d85cb428c","source":"Embedded","id":"/providers/Microsoft.PowerApps/apis/shared_onedriveforbusiness","tier":"NotSpecified","apiName":"onedriveforbusiness"}},"flowFailureAlertSubscribed":false,"isManaged":false}}