{"name":"fcc496f6-4c29-4224-8065-56d921b042e5","id":"/providers/Microsoft.Flow/flows/fcc496f6-4c29-4224-8065-56d921b042e5","type":"Microsoft.Flow/flows","properties":{"apiId":"/providers/Microsoft.PowerApps/apis/shared_logicflows","displayName":"get anomalies","definition":{"metadata":{"workflowEntityId":null,"processAdvisorMetadata":null,"flowChargedByPaygo":null,"flowclientsuspensionreason":"None","flowclientsuspensiontime":null,"flowclientsuspensionreasondetails":null,"creator":{"id":"397abba4-94e5-4097-b90b-f2f548ae5c24","type":"User","tenantId":"c371d4f5-b34f-4b06-9e66-517fed904220"},"provisioningMethod":"FromDefinition","failureAlertSubscription":true,"clientLastModifiedTime":"2025-02-11T14:41:18.7335309Z","connectionKeySavedTimeKey":"2025-02-11T14:41:18.7335309Z"},"$schema":"https://schema.management.azure.com/providers/Microsoft.Logic/schemas/2016-06-01/workflowdefinition.json#","contentVersion":"undefined","parameters":{"$authentication":{"defaultValue":{},"type":"SecureObject"},"$connections":{"defaultValue":{},"type":"Object"}},"triggers":{"manual":{"metadata":{},"type":"Request","kind":"Http","inputs":{"schema":{"ticket":"string"},"triggerAuthenticationType":"All"}}},"actions":{"Réponse":{"runAfter":{"Obtenir_le_contenu_du_fichier_à_l'aide_du_chemin_d'accès_anomalies":["Succeeded"]},"type":"Response","kind":"Http","inputs":{"statusCode":200,"body":"@body('Obtenir_le_contenu_du_fichier_à_l''aide_du_chemin_d''accès_anomalies')"}},"Obtenir_le_contenu_du_fichier_à_l'aide_du_chemin_d'accès_anomalies":{"runAfter":{},"type":"OpenApiConnection","inputs":{"parameters":{"path":"/DataWatch/@{triggerBody()['ticket']}_anomalie.json","inferContentType":true},"host":{"apiId":"/providers/Microsoft.PowerApps/apis/shared_onedriveforbusiness","connectionName":"shared_onedriveforbusiness","operationId":"GetFileContentByPath"},"authentication":"@parameters('$authentication')"}}}},"connectionReferences":{"shared_onedriveforbusiness":{"connectionName":"shared-onedriveforbu-fb76211a-dd6a-4b75-bba4-eb2d85cb428c","source":"Embedded","id":"/providers/Microsoft.PowerApps/apis/shared_onedriveforbusiness","tier":"NotSpecified","apiName":"onedriveforbusiness"}},"flowFailureAlertSubscribed":false,"isManaged":false}}